metric,version,numerator,denominator,grain,status,notes
target_share,1.0,player targets,team targets (fct_team_game.targets) over the player's appearance games,player-game; player-season,available,Denominator is the independent team total; game filters apply identically to numerator and denominator. Zero denominator -> NULL.
carry_share,1.0,player carries,team carries over appearance games,player-game; player-season,available,Same window rules as target_share.
air_yards_share,1.0,player receiving air yards,team passing air yards over appearance games,player-game; player-season,available,Signed air yards: can be negative or exceed 100%; flagged with unstable_denominator instead of clipped (plan §6).
offense_snap_share,1.0,player offensive snaps,team offensive snaps (from snap_counts offense_pct),player-game,available,Snaps are participation evidence not routes. Missing snap rows mean unknown not zero.
targets_per_game,1.0,targets,appearance games,player-season,available,Appearance = has a stat row or snaps > 0.
adot,1.0,receiving air yards,targets,player-game; player-season,available,Average depth of target.
catch_rate,1.0,receptions,targets,player-season,available,
yards_per_target,1.0,receiving yards,targets,player-season,available,
yac_per_reception,1.0,receiving yards after catch,receptions,player-season,available,
yards_per_carry,1.0,rushing yards,carries,player-season,available,
completion_rate,1.0,completions,attempts,player-season,available,
yards_per_attempt,1.0,passing yards,attempts,player-season,available,
dropbacks_excl_scrambles,1.0,attempts + sacks suffered,-,team-game,available,Stats-only version kept for continuity; use `dropbacks` (play-by-play with scrambles) where it exists. Column name carries the caveat.
recent_form_l3_l5,1.0,sum of stat over last 3/5 appearance games,sum of team stat over the same games,player-game (as-of),available,Windows share numerator/denominator games exactly.
league_points_observed,1.0,Sleeper players_points,-,league-week-roster-player,available,What Sleeper actually scored incl. commissioner overrides.
league_points_recomputed,1.0,league scoring settings x nflverse stats (scoring_stat_map),-,player-game x league scoring version,available,Approximations documented in docs/METRICS.md; reconciled against observed with tolerance.
kicker_streaming_realized,1.0,started kicker points,common eligible weeks,league-season-roster,available,Realized outcomes only. Waiver-availability reconstruction and counterfactuals are later work.
expected_points,1.0,current league scoring x ffverse expected stats (pass/rush/receive),-,player-game; player-season,available,ffopportunity model; kicking and fumbles not modelled so K expected points are NULL. diff = actual - expected.
defense_vs_position,1.0,fantasy points (current scoring) scored by opposing players at a position,games,defense-game; season-to-date; last-4,available,rank 1 = allows the most. Regular season only.
all_play_record,1.0,weeks' head-to-head wins vs every other roster,rosters-1 per week,league-roster-week; season,available,expected_wins = games x all-play win%; luck_wins = actual - expected.
optimal_lineup,1.0,best lineup from rostered players' observed points (greedy: fixed slots then flex),-,league-roster-week,available,Verified equal to Sleeper potential points (ppts) over regular-season weeks. bench_points_left = optimal - started.
positional_strength,1.0,sum of season ppg over top-N rostered players at a position (N = starting slots),league median of the same,league-roster-position,available,Uses current rosters and season-to-date ppg; changes as rosters change.
cb_coverage_context,1.0,PFR targets/completions/yards/TD/passer rating allowed when the defender was targeted,targets,defender-season (2018+),available,Context only: public data does not record who covered whom.
recent_share_trend,1.0,last-3 share minus season share,-,player (current season),available,Meaningless before 4 games (L3 equals season).
trend_value_l3,1.0,sum of metric numerator over the player's last 3 played regular-season games,sum of metric denominator over the same 3 games (per-game metrics: games),player-season-metric,available,Rate of sums (not mean of rates). Window is the player's own last 3 appearances; bye/DNP weeks do not count. Metric list and thresholds in seeds/trend_metrics.csv.
trend_value_prior,1.0,sum of metric numerator over played games before the last 3,sum of metric denominator over the same games,player-season-metric,available,NULL when the player has fewer than 4 games.
trend_change,1.0,trend_value_l3 minus trend_value_prior,-,player-season-metric,available,Compared against min_change in trend_metrics.csv (e.g. 0.03 target share; 2 expected points).
trend_z,1.0,mean per-game value in last 3 minus mean per-game value before,sd of the player's per-game values times sqrt(1/3 + 1/n_prior),player-season-metric,available,Welch-style two-sample statistic using the player's own game-to-game noise. Strength: 1 = beyond noise; 2 = clear change. NULL when sd is 0 or n_prior < 1.
trend_direction,1.0,up when change >= min_change and z >= 1 (down symmetrically); flat otherwise; insufficient below 4 games,-,player-season-metric,available,Both bars must clear: a practical minimum and a statistical one. confidence = strong (|z|>=2) / moderate (>=1) / weak.
momentum,1.0,average of trend_z over opportunity metrics with a direction call (targets/game; target share; air-yard share; carries/game; carry share; snap share; expected points; pass attempts for QB),count of those metrics,player-season,available,Deliberately excludes fantasy points and aDOT. opportunity_trend = rising (>=1) / falling (<=-1) / steady / insufficient.
defense_trend,1.0,points allowed to a position over the defense's last 3 games minus points allowed before (same z construction as trend_z),-,defense-season-position,available,softer = allowing more lately (change >= 3 points and z >= 1); stiffer symmetric. Regular season; current scoring.
dropbacks,1.0,pass attempts (excluding spikes) + sacks + scrambles on real plays,-,team-game; QB-game; season,available,From play-by-play (fct_play.is_dropback). Excludes no-play/nullified rows kneels spikes and two-point tries. Replaces dropbacks_excl_scrambles where pbp exists; the old column is kept.
target_pbp,1.0,pass attempt to an identified receiver on a real play excluding two-point tries,-,play; player-game,available,Reconciles exactly with nflverse weekly targets (2025: 0 of 4533 player-weeks differ). Two-point targets are flagged separately (is_two_point_target) and never counted.
first_read_target_share,1.0,player targets whose FTN read_thrown is first read,team targets whose read_thrown is first read over the player's appearance games,player-game; player-season; player-season-team; context bucket,available,FTN charting 2022+ via nflverse (CC-BY-SA 4.0). read_thrown '1' = first read (data-verified; the dictionary's '0' is the uncharted/non-throw fill). Designed throws (DES) checkdowns (CHK) scramble drill (SD) and later reads (2) are separate counts. NULL before 2022 and on zero denominators. charting_coverage = team charted targets / team targets travels with it; uncharted is never assumed first read.
first_read_rate_of_targets,1.0,player first-read targets,player charted targets,player-season,available,A different question from first-read share (share of the player's own targets that were first reads). Published separately as the spec requires.
routes_proxy,1.0,dropbacks (is_dropback) the player was on the field for per participation data,-,player-game; player-season; context bucket,available,PROXY. Receiving positions (WR/TE/RB/FB/HB) only. Presence is not a route: blocking TEs and chip-release backs inflate it ~10-15% vs charting services (Chase 2024: 705 vs ~615). NULL (unknown) when the game has no participation row. Participation files publish after each postseason so the current season has none.
route_participation,1.0,routes_proxy,team dropbacks with participation data over the same games,player-season; player-season-team; context bucket,available,How often the player is on the field when the QB drops back. Passing-down analogue of snap share.
tprr_proxy,1.0,targets in participation-covered games,routes_proxy,player-game; player-season; context bucket,available,Lower bound on true targets per route run because the denominator is inflated. Compare players to each other not to published TPRR.
yprr_proxy,1.0,receiving yards in participation-covered games,routes_proxy,player-game; player-season; context bucket,available,Lower bound on true yards per route run (same reason).
routes,1.0,provider route count from raw.routes_feed,-,player-game; player-season,available when imported,Licensed feed via `league-lab import-routes` (CSV contract in ingest/routes_feed.py). Identity through player_id_map. targets_per_route_run / yards_per_route_run use it; NULL until a file is imported.
context_split,1.0,player targets / carries / routes_proxy / first-read targets inside a situation bucket,team totals in the same bucket over the player's appearance games,player-season-context-bucket,available,Buckets: half (H1/H2/OT) pre-snap score state (trailing 9+ / 1-8 / tied / leading 1-8 / 9+) down-and-distance field zone and QB on the play (dropbacks). Score state is pre-play from the offense's perspective; raw score kept in fct_play. Halves sum to season totals (test).
red_zone_target_share,1.0,targets inside the opponent 20,team targets inside the 20 over the same games,player-season,available,From play-by-play; carries version is red_zone_carry_share.
week_features,1.0,player form / usage / opponent / Vegas / injury as of the games before the week,-,player-season-week,available,mart_player_week_features. As-of only: a week-N row sees games < N (test assert_features_never_peek). Universe = rostered QB/RB/WR/TE whose team plays; upcoming weeks use the latest published roster.
proj_points,1.0,intercept + sum(weight x feature) per position (seed ranking_weights.csv fitted by OLS on 2019-2022),-,player-season-week,available,Transparent baseline. Features: xPPG L5; PPG season / L3 / previous season with a 6-game fade; opponent allowed vs league average; implied team total; home; L3-vs-season target/carry share; L3 snap share. Applied identically in SQL (test assert_rankings_apply_seed_formula). Ranks exclude Out / Doubtful / IR.
backtest,1.0,Spearman rank correlation / top-N hit rate / MAE of a scorer vs actual points,per season-week-position on players who played,season-week-position-scorer,available,`league-lab backtest` on held-out seasons (weights never saw them). Naive scorers: season PPG; last-3 PPG; xPPG L5. 2023-2025: baseline beats every naive scorer at every position (Spearman +0.03 to +0.05).
long_touchdowns,1.0,touchdown plays with yards_gained >= 40 (>= 50) by the passer / rusher / receiver on the play (fct_play),-,player-game,available,Behind Sleeper's pass_td_40p / rush_td_40p / rec_td_40p (and *_50p) bonus keys. Laterals credit the first receiver. 0 when the game has no play-by-play loaded (never NULL: the keys come from plays and plays are loaded for every season).
yardage_game_bonus,1.0,1 when low <= yards < high for the game (bonus_pass_yd_300 = 300-399; bonus_rec_yd_100 = 100-199; _200 / _400 = open-ended),-,player-game,available,Sleeper's buckets are exclusive: a 210-yard game pays the 200+ bonus only. Applied in points_current_scoring and points_recomputed; left out of expected points on purpose (a threshold on an expectation is not an expectation).
projection_v2_line,2.0,gradient-boosted projection per stat-line component (targets/receptions/yards/TDs/carries/attempts/INTs/fumbles) from as-of features,-,league x player-week,available,Priced per league with the scoring map (stat keys + yardage bonuses). Walk-forward validated 2021-2025. Only in-season-available features (no routes proxy).
projection_v2_interval,2.0,P10 / P90 = projection + quantile regressors of the out-of-fold miss around the priced line; split-conformal widening measured on the newest training season,-,league x player-week,available,Board ranks by proj_points. coverage_80 in mart_projection_backtest says how often the actual landed inside; target 0.80.
trade_interest,1.0,the partner's gain over the window (their best lineup after the trade minus before; weeks of the window) mapped to 0-100 through (-6 -> 0; 0 -> 25; 2 -> 50; 6 -> 75; 12 -> 100) with the labels No deal (< 0.05) / Maybe (< 2) / Likely (2-6) / Hard to say no (> 6),-,league x trade package x window,available,"Wave I-A (IA-2): the trade calculator's dial. By our projection only; the caption says so. METRICS § ""Trade interest and the sanity bound""."
calibration_bias,1.0,mean(actual - projected) per position x projected-rank bucket (top 6 / 7-12 / 13-24 / 25+) or decile; walk-forward out-of-fold rows (ops.calibration_oof),-,league scoring x position x bucket x season,experimental,"Wave I-A (M1): the diagnosis of the top of the distribution. No star penalty found; the WR fringe is projected too high. The two-piece calibration map (cal1.0) stays off (LEAGUE_LAB_PROJECTION_CALIBRATION). METRICS § ""Calibration of the top""."
market_line,1.0,Sleeper's latest projected stat line per player-week (raw.sleeper_projections -> mart_market_line) priced in the league's scoring with compute_points,-,season x week x gsis_id (league-free; priced per league on request),available,"Wave I-A (IA-3): ""Sleeper has him at 16.2"" on the rankings / the card / My Week, and the trade finder's sanity bound (b). Empty for a week whose snapshot was never fetched before its kickoff (the nightly fetches the next week to kick off)."
expected_value_pricing,1.0,points x P(stat in band | projected mean) for flat bonuses and whole-10 steps; TDs x E[share of TDs in the distance band] for touchdowns by distance,-,player-week x league scoring,available,"Wave I-C (M2 + IC-1): scoring_ev's curves (gamma for rushing / receiving yards and receptions, normal for passing yards) and TD-distance shares from fct_play 2019-2025 (seed scoring_distributions). Always on for MFL specs (no nightly to agree with); Sleeper leagues behind LEAGUE_LAB_EV_PRICING, off until the nightly prices with the same engine so every screen agrees (next: v3.1). METRICS § ""Expected-value pricing""."
drop_cost,1.0,max of (lineup loss over the horizon; depth lost = margin over the best free agent at the position x the position's absence rate; starts after the horizon above a replacement; season points above the best free agent; a role scenario's upside) — never their sum,-,league x roster x move,available,"Wave I-F (IF-1, the decision-quality review § Priority 2): the drop a claim costs; the best drop per add is the cheapest, the incumbent first on a tie; net gain = lineup gain - (cost - lineup loss); a claim is worthwhile at net >= 1 this week or >= 3 over the horizon. METRICS § ""Drop cost""."
trade_beyond_alternative,1.0,the trade's starter-point gain over the window minus the best alternative's (standing pat = 0; the best legal waiver move's net gain),-,league x roster x trade x window,available,"Wave I-F (IF-2, § Priority 3): the finder ranks by it; a trade below the waiver move is demoted and keeps a reason only when the numbers give one (this week's gain, season value above replacement, the bench). METRICS § ""Against the alternatives""."
matchup_personnel,1.0,the opponent's expected corners (the depth chart as of the game) against the corners who played most of its coverage snaps this season; missing = a regular who cannot play (the availability overlay) or is no longer listed,-,receiver x week,available,"Wave I-F (IF-3, § Priority 1): the implication (less representative / stands / unknown) and the forecast's treatment (contextual only: the projection carries no opponent personnel); a changed defense's matchup rank never breaks a coin flip. METRICS § Matchups ""Current personnel""."
decision_edge,dr1.0,"our recorded lineup's points (the lineup the app would have started, Sleeper's points per starter) minus the submitted lineup's points",-,league x roster x week,available,"Wave I-G, V-1: ops.lineup_record (frozen at the week's first kickoff; weeks 1-4 of 2026 rebuilt from the frozen projections, labelled reconstructed) graded by mart_decision_record; a K/DEF with no number makes the lineup unknown (NULL, left out of the sums); About's record block, the console's Record page"
decision_regret,dr1.0,the hindsight optimum's points (ops.lineup_totals is_realised) minus the submitted lineup's points,-,league x roster x week,available,"Wave I-G, V-1: what a perfect lineup would have added; summed per league-week and season to date"
call_calibration,dr1.0,calls the starter we leaned to won (a tie counts one half),"calls with a win probability (the cards' coin flips, margin under 1 point)",league x season,available,"Wave I-G, V-1: mart_decision_calls; decisions.coverage_table / brier; About: 'the coin flips landed 59% for the side we leaned (52% expected, 34 calls)'"
unit_season_value,1.0,a team unit's (TMQB / TMPK / TMDEF) season points from this week to the last regular-season week (IC-4's per-week unit rows) minus the best free unit of the same kind,-,league x unit,available,"Wave I-G, IG-1: decisions.unit_market; the replacement is a free unit, never a player; the verdict, the season-value line, the sanity warning and the Finder count units"
decision_market_edge,dr1.1,"the points of Sleeper's projections started as a lineup (the market line's best legal lineup per week, Scrubs / dynasty) minus the submitted lineup's points",-,league x roster x week,available,"Wave I-H, V-2: ops.decision_market (recomputed nightly), mart_decision_record.market_points / market_edge; a comparator other than the manager for 'our edge'"
week_win_probability,1.0,the share of paired draws in which my starters' total beats the opponent's (per-player distributions from p10..p90 centred on the projection; teammates and opponents correlated through pair_rho; a logit shrink of 0.60 fitted on 2024-25),-,league x roster x week,available,"Wave I-H, IH-3: decisions.lineup_win_probability; /api/my-week win, GET /api/league/week-odds; calibration 2024-25: Brier 0.2395, favourite predicted 58.0% / won 57.5% on 308 matchups; information only - never a recommendation"
