position,feature,weight,train_seasons,n_rows,r2_train,fitted_at
QB,intercept,0.25966,2019-2022,2469,0.3068,2026-09-26
QB,f_xppg_l5,0.09482,2019-2022,2469,0.3068,2026-09-26
QB,f_ppg_std,0.27089,2019-2022,2469,0.3068,2026-09-26
QB,f_ppg_l3,0.13255,2019-2022,2469,0.3068,2026-09-26
QB,f_ppg_prev,0.16836,2019-2022,2469,0.3068,2026-09-26
QB,f_ppg_std_x_sample,0.03789,2019-2022,2469,0.3068,2026-09-26
QB,f_ppg_prev_x_nosample,0.01586,2019-2022,2469,0.3068,2026-09-26
QB,f_opp_allowed_diff,0.14526,2019-2022,2469,0.3068,2026-09-26
QB,f_implied_total,0.10257,2019-2022,2469,0.3068,2026-09-26
QB,f_home,0.46615,2019-2022,2469,0.3068,2026-09-26
QB,f_carry_trend,7.88257,2019-2022,2469,0.3068,2026-09-26
QB,f_snap_l3,1.94224,2019-2022,2469,0.3068,2026-09-26
RB,intercept,-0.72143,2019-2022,5931,0.347,2026-09-26
RB,f_xppg_l5,0.14285,2019-2022,5931,0.347,2026-09-26
RB,f_ppg_std,-0.06445,2019-2022,5931,0.347,2026-09-26
RB,f_ppg_l3,0.15208,2019-2022,5931,0.347,2026-09-26
RB,f_ppg_prev,0.11587,2019-2022,5931,0.347,2026-09-26
RB,f_ppg_std_x_sample,0.40352,2019-2022,5931,0.347,2026-09-26
RB,f_ppg_prev_x_nosample,0.38023,2019-2022,5931,0.347,2026-09-26
RB,f_opp_allowed_diff,0.06465,2019-2022,5931,0.347,2026-09-26
RB,f_implied_total,0.03888,2019-2022,5931,0.347,2026-09-26
RB,f_home,0.14688,2019-2022,5931,0.347,2026-09-26
RB,f_carry_trend,1.63292,2019-2022,5931,0.347,2026-09-26
RB,f_target_trend,-3.99544,2019-2022,5931,0.347,2026-09-26
RB,f_snap_l3,4.19681,2019-2022,5931,0.347,2026-09-26
WR,intercept,-1.32334,2019-2022,8856,0.2847,2026-09-26
WR,f_xppg_l5,0.21213,2019-2022,8856,0.2847,2026-09-26
WR,f_ppg_std,-0.00767,2019-2022,8856,0.2847,2026-09-26
WR,f_ppg_l3,0.04669,2019-2022,8856,0.2847,2026-09-26
WR,f_ppg_prev,0.15395,2019-2022,8856,0.2847,2026-09-26
WR,f_ppg_std_x_sample,0.36444,2019-2022,8856,0.2847,2026-09-26
WR,f_ppg_prev_x_nosample,0.39037,2019-2022,8856,0.2847,2026-09-26
WR,f_opp_allowed_diff,0.01832,2019-2022,8856,0.2847,2026-09-26
WR,f_implied_total,0.05299,2019-2022,8856,0.2847,2026-09-26
WR,f_home,0.0871,2019-2022,8856,0.2847,2026-09-26
WR,f_target_trend,-1.75371,2019-2022,8856,0.2847,2026-09-26
WR,f_snap_l3,2.47183,2019-2022,8856,0.2847,2026-09-26
TE,intercept,-1.80423,2019-2022,4449,0.2711,2026-09-26
TE,f_xppg_l5,0.255,2019-2022,4449,0.2711,2026-09-26
TE,f_ppg_std,-0.00037,2019-2022,4449,0.2711,2026-09-26
TE,f_ppg_l3,0.0119,2019-2022,4449,0.2711,2026-09-26
TE,f_ppg_prev,0.19744,2019-2022,4449,0.2711,2026-09-26
TE,f_ppg_std_x_sample,0.28552,2019-2022,4449,0.2711,2026-09-26
TE,f_ppg_prev_x_nosample,0.27459,2019-2022,4449,0.2711,2026-09-26
TE,f_opp_allowed_diff,0.07056,2019-2022,4449,0.2711,2026-09-26
TE,f_implied_total,0.07215,2019-2022,4449,0.2711,2026-09-26
TE,f_home,-0.03266,2019-2022,4449,0.2711,2026-09-26
TE,f_target_trend,-1.4887,2019-2022,4449,0.2711,2026-09-26
TE,f_snap_l3,2.56432,2019-2022,4449,0.2711,2026-09-26
