kind,stat,position,param,value,n,seasons,source,version
curve,passing_yards,ALL,family,1,4565,2019-2025,measured,ev1.0
curve,passing_yards,ALL,mean_scale,0.978797,4565,2019-2025,measured,ev1.0
curve,passing_yards,ALL,sd0,79.211,4565,2019-2025,measured,ev1.0
curve,passing_yards,ALL,sd1,0.000335463,4565,2019-2025,measured,ev1.0
curve,passing_yards,QB,family,1,4565,2019-2025,measured,ev1.0
curve,passing_yards,QB,mean_scale,0.978797,4565,2019-2025,measured,ev1.0
curve,passing_yards,QB,sd0,79.211,4565,2019-2025,measured,ev1.0
curve,passing_yards,QB,sd1,0.000335463,4565,2019-2025,measured,ev1.0
curve,receiving_yards,ALL,family,0,35038,2019-2025,measured,ev1.0
curve,receiving_yards,ALL,mean_scale,0.986952,35038,2019-2025,measured,ev1.0
curve,receiving_yards,ALL,shape_k0,0.115957,35038,2019-2025,measured,ev1.0
curve,receiving_yards,ALL,shape_k1,0.0415497,35038,2019-2025,measured,ev1.0
curve,receiving_yards,RB,family,0,10582,2019-2025,measured,ev1.0
curve,receiving_yards,RB,mean_scale,0.969973,10582,2019-2025,measured,ev1.0
curve,receiving_yards,RB,shape_k0,0.000335463,10582,2019-2025,measured,ev1.0
curve,receiving_yards,RB,shape_k1,0.057332,10582,2019-2025,measured,ev1.0
curve,receiving_yards,TE,family,0,8240,2019-2025,measured,ev1.0
curve,receiving_yards,TE,mean_scale,0.995078,8240,2019-2025,measured,ev1.0
curve,receiving_yards,TE,shape_k0,0.156821,8240,2019-2025,measured,ev1.0
curve,receiving_yards,TE,shape_k1,0.0484634,8240,2019-2025,measured,ev1.0
curve,receiving_yards,WR,family,0,16216,2019-2025,measured,ev1.0
curve,receiving_yards,WR,mean_scale,0.989471,16216,2019-2025,measured,ev1.0
curve,receiving_yards,WR,shape_k0,0.0102637,16216,2019-2025,measured,ev1.0
curve,receiving_yards,WR,shape_k1,0.0409699,16216,2019-2025,measured,ev1.0
curve,receptions,ALL,family,0,33923,2019-2025,measured,ev1.0
curve,receptions,ALL,mean_scale,1.01792,33923,2019-2025,measured,ev1.0
curve,receptions,ALL,shape_k0,0.187982,33923,2019-2025,measured,ev1.0
curve,receptions,ALL,shape_k1,0.690018,33923,2019-2025,measured,ev1.0
curve,receptions,RB,family,0,9920,2019-2025,measured,ev1.0
curve,receptions,RB,mean_scale,1.02605,9920,2019-2025,measured,ev1.0
curve,receptions,RB,shape_k0,0.14719,9920,2019-2025,measured,ev1.0
curve,receptions,RB,shape_k1,0.689118,9920,2019-2025,measured,ev1.0
curve,receptions,TE,family,0,8083,2019-2025,measured,ev1.0
curve,receptions,TE,mean_scale,1.03986,8083,2019-2025,measured,ev1.0
curve,receptions,TE,shape_k0,0.401146,8083,2019-2025,measured,ev1.0
curve,receptions,TE,shape_k1,0.629579,8083,2019-2025,measured,ev1.0
curve,receptions,WR,family,0,15920,2019-2025,measured,ev1.0
curve,receptions,WR,mean_scale,1.00846,15920,2019-2025,measured,ev1.0
curve,receptions,WR,shape_k0,0.161527,15920,2019-2025,measured,ev1.0
curve,receptions,WR,shape_k1,0.703054,15920,2019-2025,measured,ev1.0
curve,rushing_yards,ALL,family,0,24015,2019-2025,measured,ev1.0
curve,rushing_yards,ALL,mean_scale,1.00626,24015,2019-2025,measured,ev1.0
curve,rushing_yards,ALL,shape_k0,0.0144127,24015,2019-2025,measured,ev1.0
curve,rushing_yards,ALL,shape_k1,0.0443445,24015,2019-2025,measured,ev1.0
curve,rushing_yards,QB,family,0,4432,2019-2025,measured,ev1.0
curve,rushing_yards,QB,mean_scale,0.951979,4432,2019-2025,measured,ev1.0
curve,rushing_yards,QB,shape_k0,0.000335463,4432,2019-2025,measured,ev1.0
curve,rushing_yards,QB,shape_k1,0.0568779,4432,2019-2025,measured,ev1.0
curve,rushing_yards,RB,family,0,10459,2019-2025,measured,ev1.0
curve,rushing_yards,RB,mean_scale,1.01733,10459,2019-2025,measured,ev1.0
curve,rushing_yards,RB,shape_k0,0.000335463,10459,2019-2025,measured,ev1.0
curve,rushing_yards,RB,shape_k1,0.0421755,10459,2019-2025,measured,ev1.0
curve,rushing_yards,WR,family,0,9124,2019-2025,measured,ev1.0
curve,rushing_yards,WR,mean_scale,0.893221,9124,2019-2025,measured,ev1.0
curve,rushing_yards,WR,shape_k0,0.000335463,9124,2019-2025,measured,ev1.0
curve,rushing_yards,WR,shape_k1,0.0590337,9124,2019-2025,measured,ev1.0
td_share,blocked_kick_tds,ALL,ge_5,0.78788,33,2019-2025,measured,ev1.0
td_share,blocked_kick_tds,ALL,ge_10,0.69697,33,2019-2025,measured,ev1.0
td_share,blocked_kick_tds,ALL,ge_20,0.54545,33,2019-2025,measured,ev1.0
td_share,blocked_kick_tds,ALL,ge_30,0.33333,33,2019-2025,measured,ev1.0
td_share,blocked_kick_tds,ALL,ge_40,0.30303,33,2019-2025,measured,ev1.0
td_share,blocked_kick_tds,ALL,ge_50,0.27273,33,2019-2025,measured,ev1.0
td_share,blocked_kick_tds,ALL,ge_60,0.18182,33,2019-2025,measured,ev1.0
td_share,blocked_kick_tds,ALL,ge_70,0.06061,33,2019-2025,measured,ev1.0
td_share,blocked_kick_tds,ALL,ge_80,0.0303,33,2019-2025,measured,ev1.0
td_share,fumble_return_tds,ALL,ge_5,0.77852,149,2019-2025,measured,ev1.0
td_share,fumble_return_tds,ALL,ge_10,0.71141,149,2019-2025,measured,ev1.0
td_share,fumble_return_tds,ALL,ge_20,0.59732,149,2019-2025,measured,ev1.0
td_share,fumble_return_tds,ALL,ge_30,0.46309,149,2019-2025,measured,ev1.0
td_share,fumble_return_tds,ALL,ge_40,0.30872,149,2019-2025,measured,ev1.0
td_share,fumble_return_tds,ALL,ge_50,0.21477,149,2019-2025,measured,ev1.0
td_share,fumble_return_tds,ALL,ge_60,0.12752,149,2019-2025,measured,ev1.0
td_share,fumble_return_tds,ALL,ge_70,0.07383,149,2019-2025,measured,ev1.0
td_share,fumble_return_tds,ALL,ge_80,0.04698,149,2019-2025,measured,ev1.0
td_share,int_return_tds,ALL,ge_5,0.97166,247,2019-2025,measured,ev1.0
td_share,int_return_tds,ALL,ge_10,0.95951,247,2019-2025,measured,ev1.0
td_share,int_return_tds,ALL,ge_20,0.87449,247,2019-2025,measured,ev1.0
td_share,int_return_tds,ALL,ge_30,0.7247,247,2019-2025,measured,ev1.0
td_share,int_return_tds,ALL,ge_40,0.49393,247,2019-2025,measured,ev1.0
td_share,int_return_tds,ALL,ge_50,0.36032,247,2019-2025,measured,ev1.0
td_share,int_return_tds,ALL,ge_60,0.25506,247,2019-2025,measured,ev1.0
td_share,int_return_tds,ALL,ge_70,0.15789,247,2019-2025,measured,ev1.0
td_share,int_return_tds,ALL,ge_80,0.08907,247,2019-2025,measured,ev1.0
td_share,kick_return_tds,ALL,ge_5,0.93878,49,2019-2025,measured,ev1.0
td_share,kick_return_tds,ALL,ge_10,0.93878,49,2019-2025,measured,ev1.0
td_share,kick_return_tds,ALL,ge_20,0.93878,49,2019-2025,measured,ev1.0
td_share,kick_return_tds,ALL,ge_30,0.93878,49,2019-2025,measured,ev1.0
td_share,kick_return_tds,ALL,ge_40,0.93878,49,2019-2025,measured,ev1.0
td_share,kick_return_tds,ALL,ge_50,0.83673,49,2019-2025,measured,ev1.0
td_share,kick_return_tds,ALL,ge_60,0.83673,49,2019-2025,measured,ev1.0
td_share,kick_return_tds,ALL,ge_70,0.83673,49,2019-2025,measured,ev1.0
td_share,kick_return_tds,ALL,ge_80,0.83673,49,2019-2025,measured,ev1.0
td_share,missed_fg_return_tds,ALL,ge_5,0.93878,1,2019-2025,proxy,ev1.0
td_share,missed_fg_return_tds,ALL,ge_10,0.93878,1,2019-2025,proxy,ev1.0
td_share,missed_fg_return_tds,ALL,ge_20,0.93878,1,2019-2025,proxy,ev1.0
td_share,missed_fg_return_tds,ALL,ge_30,0.93878,1,2019-2025,proxy,ev1.0
td_share,missed_fg_return_tds,ALL,ge_40,0.93878,1,2019-2025,proxy,ev1.0
td_share,missed_fg_return_tds,ALL,ge_50,0.83673,1,2019-2025,proxy,ev1.0
td_share,missed_fg_return_tds,ALL,ge_60,0.83673,1,2019-2025,proxy,ev1.0
td_share,missed_fg_return_tds,ALL,ge_70,0.83673,1,2019-2025,proxy,ev1.0
td_share,missed_fg_return_tds,ALL,ge_80,0.83673,1,2019-2025,proxy,ev1.0
td_share,passing_tds,ALL,ge_5,0.76207,5632,2019-2025,measured,ev1.0
td_share,passing_tds,ALL,ge_10,0.54759,5632,2019-2025,measured,ev1.0
td_share,passing_tds,ALL,ge_20,0.31499,5632,2019-2025,measured,ev1.0
td_share,passing_tds,ALL,ge_30,0.1875,5632,2019-2025,measured,ev1.0
td_share,passing_tds,ALL,ge_40,0.1195,5632,2019-2025,measured,ev1.0
td_share,passing_tds,ALL,ge_50,0.07049,5632,2019-2025,measured,ev1.0
td_share,passing_tds,ALL,ge_60,0.04297,5632,2019-2025,measured,ev1.0
td_share,passing_tds,ALL,ge_70,0.02237,5632,2019-2025,measured,ev1.0
td_share,passing_tds,ALL,ge_80,0.00639,5632,2019-2025,measured,ev1.0
td_share,passing_tds,QB,ge_5,0.76231,5583,2019-2025,measured,ev1.0
td_share,passing_tds,QB,ge_10,0.54666,5583,2019-2025,measured,ev1.0
td_share,passing_tds,QB,ge_20,0.31382,5583,2019-2025,measured,ev1.0
td_share,passing_tds,QB,ge_30,0.18682,5583,2019-2025,measured,ev1.0
td_share,passing_tds,QB,ge_40,0.11965,5583,2019-2025,measured,ev1.0
td_share,passing_tds,QB,ge_50,0.07057,5583,2019-2025,measured,ev1.0
td_share,passing_tds,QB,ge_60,0.04281,5583,2019-2025,measured,ev1.0
td_share,passing_tds,QB,ge_70,0.02221,5583,2019-2025,measured,ev1.0
td_share,passing_tds,QB,ge_80,0.00645,5583,2019-2025,measured,ev1.0
td_share,passing_tds,RB,ge_5,0.67957,11,2019-2025,shrunk,ev1.0
td_share,passing_tds,RB,ge_10,0.47384,11,2019-2025,shrunk,ev1.0
td_share,passing_tds,RB,ge_20,0.27926,11,2019-2025,shrunk,ev1.0
td_share,passing_tds,RB,ge_30,0.18598,11,2019-2025,shrunk,ev1.0
td_share,passing_tds,RB,ge_40,0.08744,11,2019-2025,shrunk,ev1.0
td_share,passing_tds,RB,ge_50,0.05158,11,2019-2025,shrunk,ev1.0
td_share,passing_tds,RB,ge_60,0.03144,11,2019-2025,shrunk,ev1.0
td_share,passing_tds,RB,ge_70,0.01637,11,2019-2025,shrunk,ev1.0
td_share,passing_tds,RB,ge_80,0.00468,11,2019-2025,shrunk,ev1.0
td_share,passing_tds,TE,ge_5,0.80624,12,2019-2025,shrunk,ev1.0
td_share,passing_tds,TE,ge_10,0.65304,12,2019-2025,shrunk,ev1.0
td_share,passing_tds,TE,ge_20,0.39166,12,2019-2025,shrunk,ev1.0
td_share,passing_tds,TE,ge_30,0.22917,12,2019-2025,shrunk,ev1.0
td_share,passing_tds,TE,ge_40,0.13297,12,2019-2025,shrunk,ev1.0
td_share,passing_tds,TE,ge_50,0.09797,12,2019-2025,shrunk,ev1.0
td_share,passing_tds,TE,ge_60,0.07831,12,2019-2025,shrunk,ev1.0
td_share,passing_tds,TE,ge_70,0.03979,12,2019-2025,shrunk,ev1.0
td_share,passing_tds,TE,ge_80,0.00457,12,2019-2025,shrunk,ev1.0
td_share,passing_tds,WR,ge_5,0.77931,25,2019-2025,shrunk,ev1.0
td_share,passing_tds,WR,ge_10,0.62596,25,2019-2025,shrunk,ev1.0
td_share,passing_tds,WR,ge_20,0.40817,25,2019-2025,shrunk,ev1.0
td_share,passing_tds,WR,ge_30,0.22955,25,2019-2025,shrunk,ev1.0
td_share,passing_tds,WR,ge_40,0.11972,25,2019-2025,shrunk,ev1.0
td_share,passing_tds,WR,ge_50,0.05663,25,2019-2025,shrunk,ev1.0
td_share,passing_tds,WR,ge_60,0.04162,25,2019-2025,shrunk,ev1.0
td_share,passing_tds,WR,ge_70,0.03038,25,2019-2025,shrunk,ev1.0
td_share,passing_tds,WR,ge_80,0.00349,25,2019-2025,shrunk,ev1.0
td_share,punt_return_tds,ALL,ge_5,0.92593,54,2019-2025,measured,ev1.0
td_share,punt_return_tds,ALL,ge_10,0.92593,54,2019-2025,measured,ev1.0
td_share,punt_return_tds,ALL,ge_20,0.92593,54,2019-2025,measured,ev1.0
td_share,punt_return_tds,ALL,ge_30,0.90741,54,2019-2025,measured,ev1.0
td_share,punt_return_tds,ALL,ge_40,0.90741,54,2019-2025,measured,ev1.0
td_share,punt_return_tds,ALL,ge_50,0.87037,54,2019-2025,measured,ev1.0
td_share,punt_return_tds,ALL,ge_60,0.81481,54,2019-2025,measured,ev1.0
td_share,punt_return_tds,ALL,ge_70,0.64815,54,2019-2025,measured,ev1.0
td_share,punt_return_tds,ALL,ge_80,0.38889,54,2019-2025,measured,ev1.0
td_share,receiving_tds,ALL,ge_5,0.76207,5632,2019-2025,measured,ev1.0
td_share,receiving_tds,ALL,ge_10,0.54759,5632,2019-2025,measured,ev1.0
td_share,receiving_tds,ALL,ge_20,0.31499,5632,2019-2025,measured,ev1.0
td_share,receiving_tds,ALL,ge_30,0.1875,5632,2019-2025,measured,ev1.0
td_share,receiving_tds,ALL,ge_40,0.1195,5632,2019-2025,measured,ev1.0
td_share,receiving_tds,ALL,ge_50,0.07049,5632,2019-2025,measured,ev1.0
td_share,receiving_tds,ALL,ge_60,0.04297,5632,2019-2025,measured,ev1.0
td_share,receiving_tds,ALL,ge_70,0.02237,5632,2019-2025,measured,ev1.0
td_share,receiving_tds,ALL,ge_80,0.00639,5632,2019-2025,measured,ev1.0
td_share,receiving_tds,QB,ge_5,0.74656,10,2019-2025,shrunk,ev1.0
td_share,receiving_tds,QB,ge_10,0.53569,10,2019-2025,shrunk,ev1.0
td_share,receiving_tds,QB,ge_20,0.26124,10,2019-2025,shrunk,ev1.0
td_share,receiving_tds,QB,ge_30,0.16562,10,2019-2025,shrunk,ev1.0
td_share,receiving_tds,QB,ge_40,0.08962,10,2019-2025,shrunk,ev1.0
td_share,receiving_tds,QB,ge_50,0.05287,10,2019-2025,shrunk,ev1.0
td_share,receiving_tds,QB,ge_60,0.03223,10,2019-2025,shrunk,ev1.0
td_share,receiving_tds,QB,ge_70,0.01678,10,2019-2025,shrunk,ev1.0
td_share,receiving_tds,QB,ge_80,0.00479,10,2019-2025,shrunk,ev1.0
td_share,receiving_tds,RB,ge_5,0.77934,664,2019-2025,measured,ev1.0
td_share,receiving_tds,RB,ge_10,0.53664,664,2019-2025,measured,ev1.0
td_share,receiving_tds,RB,ge_20,0.25137,664,2019-2025,measured,ev1.0
td_share,receiving_tds,RB,ge_30,0.11906,664,2019-2025,measured,ev1.0
td_share,receiving_tds,RB,ge_40,0.07001,664,2019-2025,measured,ev1.0
td_share,receiving_tds,RB,ge_50,0.04916,664,2019-2025,measured,ev1.0
td_share,receiving_tds,RB,ge_60,0.02635,664,2019-2025,measured,ev1.0
td_share,receiving_tds,RB,ge_70,0.01249,664,2019-2025,measured,ev1.0
td_share,receiving_tds,RB,ge_80,0.00172,664,2019-2025,measured,ev1.0
td_share,receiving_tds,TE,ge_5,0.67739,1418,2019-2025,measured,ev1.0
td_share,receiving_tds,TE,ge_10,0.43469,1418,2019-2025,measured,ev1.0
td_share,receiving_tds,TE,ge_20,0.1847,1418,2019-2025,measured,ev1.0
td_share,receiving_tds,TE,ge_30,0.08123,1418,2019-2025,measured,ev1.0
td_share,receiving_tds,TE,ge_40,0.03701,1418,2019-2025,measured,ev1.0
td_share,receiving_tds,TE,ge_50,0.01942,1418,2019-2025,measured,ev1.0
td_share,receiving_tds,TE,ge_60,0.00918,1418,2019-2025,measured,ev1.0
td_share,receiving_tds,TE,ge_70,0.00323,1418,2019-2025,measured,ev1.0
td_share,receiving_tds,TE,ge_80,0.00013,1418,2019-2025,measured,ev1.0
td_share,receiving_tds,WR,ge_5,0.80087,3476,2019-2025,measured,ev1.0
td_share,receiving_tds,WR,ge_10,0.60309,3476,2019-2025,measured,ev1.0
td_share,receiving_tds,WR,ge_20,0.38604,3476,2019-2025,measured,ev1.0
td_share,receiving_tds,WR,ge_30,0.24718,3476,2019-2025,measured,ev1.0
td_share,receiving_tds,WR,ge_40,0.1656,3476,2019-2025,measured,ev1.0
td_share,receiving_tds,WR,ge_50,0.09729,3476,2019-2025,measured,ev1.0
td_share,receiving_tds,WR,ge_60,0.06112,3476,2019-2025,measured,ev1.0
td_share,receiving_tds,WR,ge_70,0.03271,3476,2019-2025,measured,ev1.0
td_share,receiving_tds,WR,ge_80,0.01004,3476,2019-2025,measured,ev1.0
td_share,rushing_tds,ALL,ge_5,0.42808,3462,2019-2025,measured,ev1.0
td_share,rushing_tds,ALL,ge_10,0.2591,3462,2019-2025,measured,ev1.0
td_share,rushing_tds,ALL,ge_20,0.13056,3462,2019-2025,measured,ev1.0
td_share,rushing_tds,ALL,ge_30,0.08579,3462,2019-2025,measured,ev1.0
td_share,rushing_tds,ALL,ge_40,0.06153,3462,2019-2025,measured,ev1.0
td_share,rushing_tds,ALL,ge_50,0.03928,3462,2019-2025,measured,ev1.0
td_share,rushing_tds,ALL,ge_60,0.02715,3462,2019-2025,measured,ev1.0
td_share,rushing_tds,ALL,ge_70,0.01415,3462,2019-2025,measured,ev1.0
td_share,rushing_tds,ALL,ge_80,0.00549,3462,2019-2025,measured,ev1.0
td_share,rushing_tds,QB,ge_5,0.41914,714,2019-2025,measured,ev1.0
td_share,rushing_tds,QB,ge_10,0.21744,714,2019-2025,measured,ev1.0
td_share,rushing_tds,QB,ge_20,0.06978,714,2019-2025,measured,ev1.0
td_share,rushing_tds,QB,ge_30,0.03169,714,2019-2025,measured,ev1.0
td_share,rushing_tds,QB,ge_40,0.02264,714,2019-2025,measured,ev1.0
td_share,rushing_tds,QB,ge_50,0.01099,714,2019-2025,measured,ev1.0
td_share,rushing_tds,QB,ge_60,0.00513,714,2019-2025,measured,ev1.0
td_share,rushing_tds,QB,ge_70,0.00191,714,2019-2025,measured,ev1.0
td_share,rushing_tds,QB,ge_80,0.00022,714,2019-2025,measured,ev1.0
td_share,rushing_tds,RB,ge_5,0.41715,2549,2019-2025,measured,ev1.0
td_share,rushing_tds,RB,ge_10,0.25776,2549,2019-2025,measured,ev1.0
td_share,rushing_tds,RB,ge_20,0.14111,2549,2019-2025,measured,ev1.0
td_share,rushing_tds,RB,ge_30,0.09716,2549,2019-2025,measured,ev1.0
td_share,rushing_tds,RB,ge_40,0.07129,2549,2019-2025,measured,ev1.0
td_share,rushing_tds,RB,ge_50,0.04737,2549,2019-2025,measured,ev1.0
td_share,rushing_tds,RB,ge_60,0.03289,2549,2019-2025,measured,ev1.0
td_share,rushing_tds,RB,ge_70,0.018,2549,2019-2025,measured,ev1.0
td_share,rushing_tds,RB,ge_80,0.00743,2549,2019-2025,measured,ev1.0
td_share,rushing_tds,TE,ge_5,0.40546,51,2019-2025,shrunk,ev1.0
td_share,rushing_tds,TE,ge_10,0.23176,51,2019-2025,shrunk,ev1.0
td_share,rushing_tds,TE,ge_20,0.13478,51,2019-2025,shrunk,ev1.0
td_share,rushing_tds,TE,ge_30,0.10585,51,2019-2025,shrunk,ev1.0
td_share,rushing_tds,TE,ge_40,0.05982,51,2019-2025,shrunk,ev1.0
td_share,rushing_tds,TE,ge_50,0.03924,51,2019-2025,shrunk,ev1.0
td_share,rushing_tds,TE,ge_60,0.03475,51,2019-2025,shrunk,ev1.0
td_share,rushing_tds,TE,ge_70,0.01759,51,2019-2025,shrunk,ev1.0
td_share,rushing_tds,TE,ge_80,0.00203,51,2019-2025,shrunk,ev1.0
td_share,rushing_tds,WR,ge_5,0.69771,126,2019-2025,measured,ev1.0
td_share,rushing_tds,WR,ge_10,0.5306,126,2019-2025,measured,ev1.0
td_share,rushing_tds,WR,ge_20,0.26229,126,2019-2025,measured,ev1.0
td_share,rushing_tds,WR,ge_30,0.15752,126,2019-2025,measured,ev1.0
td_share,rushing_tds,WR,ge_40,0.09517,126,2019-2025,measured,ev1.0
td_share,rushing_tds,WR,ge_50,0.04602,126,2019-2025,measured,ev1.0
td_share,rushing_tds,WR,ge_60,0.03727,126,2019-2025,measured,ev1.0
td_share,rushing_tds,WR,ge_70,0.00913,126,2019-2025,measured,ev1.0
td_share,rushing_tds,WR,ge_80,0.00106,126,2019-2025,measured,ev1.0
